title,score
The STRING database in 2023: protein–protein association networks and functional enrichment analyses for any sequenced genome of interest,2.2991699931156306
Database resources of the National Center for Biotechnology Information,1.734536874204962
Introducing EzBioCloud: a taxonomically united database of 16S rRNA gene sequences and whole-genome assemblies,1.4684574964291723
Data Mining: Concepts and Techniques,1.4221203823575086
MetaboAnalyst 4.0: towards more transparent and integrative metabolomics analysis,1.253408022683976
Places: A 10 Million Image Database for Scene Recognition,1.108705294024736
"Federated database systems for managing distributed, heterogeneous, and autonomous databases",0.9733259642111975
HMDB 4.0: the human metabolome database for 2018,0.9679395937686741
"eggNOG 5.0: a hierarchical, functionally and phylogenetically annotated orthology resource based on 5090 organisms and 2502 viruses",0.9032322272324481
GTDB-Tk: a toolkit to classify genomes with the Genome Taxonomy Database,0.8270467693578037
Principles of Distributed Database Systems,0.8186521794583865
UCF101: A Dataset of 101 Human Actions Classes From Videos in The Wild,0.7985739463093744
"STRING v11: protein–protein association networks with increased coverage, supporting functional discovery in genome-wide experimental datasets",0.7903482968051855
Metascape provides a biologist-oriented resource for the analysis of systems-level datasets,0.7682212017157038
ImageNet: A large-scale hierarchical image database,0.7304859147306891
High throughput ANI analysis of 90K prokaryotic genomes reveals clear species boundaries,0.7256773988292168
PubChem Substance and Compound databases,0.7164605573514785
HMDB: A large video database for human motion recognition,0.6880283008403619
ShinyGO: a graphical gene-set enrichment tool for animals and plants,0.6754075903430803
Fast and sensitive protein alignment using DIAMOND,0.6733246741083738
ClinVar: public archive of relationships among sequence variation and human phenotype,0.6414496741083738
Inference and analysis of cell-cell communication using CellChat,0.6264432948724584
"The STRING database in 2021: customizable protein–protein networks, and functional characterization of user-uploaded gene/measurement sets",0.617705457138329
ColabFold: making protein folding accessible to all,0.5935049154385906
ArcFace: Additive Angular Margin Loss for Deep Face Recognition,0.5756504598383827
Comparative Protein Structure Modeling Using MODELLER,0.5696294782103885
The SILVA ribosomal RNA gene database project: improved data processing and web-based tools,0.5667481356385731
A survey of approaches to automatic schema matching,0.5636521794583864
GEPIA2: an enhanced web server for large-scale expression profiling and interactive analysis,0.5517664459604488
Learning Deep Features for Scene Recognition using Places Database,0.5501954883403619
"Fast, scalable generation of high-quality protein multiple sequence alignments using Clustal Omega",0.545335684001887
Ribosomal Database Project: data and tools for high throughput rRNA analysis,0.5432834156984477
Database resources of the National Center for Biotechnology Information: update,0.5230478824486494
SWISS-MODEL: modelling protein tertiary and quaternary structure using evolutionary information,0.5143971992112929
DrugBank 5.0: a major update to the DrugBank database for 2018,0.501578956926608
SUN database: Large-scale scene recognition from abbey to zoo,0.46821875
"KEGG: new perspectives on genomes, pathways, diseases and drugs",0.4646065887386953
KEGG for taxonomy-based analysis of pathways and genomes,0.459584495848947
Introduction to Data Mining,0.45748055530098697
Pfam: The protein families database in 2021,0.4509149244351961
The PRISMA Statement for Reporting Systematic Reviews and Meta-Analyses of Studies That Evaluate Health Care Interventions: Explanation and Elaboration,0.45012968750000004
"The STRING database in 2017: quality-controlled protein–protein association networks, made broadly accessible",0.43962953697755924
The SILVA and “All-species Living Tree Project (LTP)” taxonomic frameworks,0.4355850891338931
The PRIDE database resources in 2022: a hub for mass spectrometry-based proteomics evidences,0.4149954650043469
PICRUSt2 for prediction of metagenome functions,0.41053416162556067
The Cambridge Structural Database,0.405
Mining Frequent Patterns without Candidate Generation: A Frequent-Pattern Tree Approach,0.40413329385339675
KOBAS 2.0: a web server for annotation and identification of enriched pathways and diseases,0.40268906250000003
Predictive functional profiling of microbial communities using 16S rRNA marker gene sequences,0.3992903459347417
DeepFace: Closing the Gap to Human-Level Performance in Face Verification,0.39805196778201124
A pathology atlas of the human cancer transcriptome,0.39766650489673405
Andromeda: a peptide search engine integrated into the MaxQuant environment.,0.38800000000000007
Data Mining: An Overview from a Database Perspective,0.38598369100746877
"Learning a similarity metric discriminatively, with application to face verification",0.37822500000000003
An improved Greengenes taxonomy with explicit ranks for ecological and evolutionary analyses of bacteria and archaea,0.372834230055125
The Pfam protein families database in 2019,0.3710036954363584
SeaView version 4: A multiplatform graphical user interface for sequence alignment and phylogenetic tree building.,0.3689497944078948
Cytoscape: a software environment for integrated models of biomolecular interaction networks.,0.35738824905009436
"STRING v9.1: protein-protein interaction networks, with increased coverage and integration",0.35539013897567157
Database resources of the National Center for Biotechnology Information,0.3529955340763282
Target-decoy search strategy for increased confidence in large-scale protein identifications by mass spectrometry,0.35187500000000005
"The STRING database in 2011: functional interaction networks of proteins, globally integrated and scored",0.34990645734463954
TCMSP: a database of systems pharmacology for drug discovery from herbal medicines,0.34982718599023804
"STRING v10: protein–protein interaction networks, integrated over the tree of life",0.34770020602202156
Enrichr: interactive and collaborative HTML5 gene list enrichment analysis tool,0.34441605299674877
Global diversity and geography of soil fungi,0.34416022507445376
Annotation of functional variation in personal genomes using RegulomeDB,0.34125000000000005
Universality in Oxygen Evolution Electrocatalysis on Oxide Surfaces,0.34125000000000005
The Pfam protein families database,0.33946473469639094
"DrugBank: a knowledgebase for drugs, drug actions and drug targets",0.33944648584084336
The SWISS-MODEL workspace: a web-based environment for protein structure homology modelling,0.33864689781630003
FIMO: scanning for occurrences of a given motif,0.3316875
HMDB: the Human Metabolome Database,0.3314323861475364
The FERET evaluation methodology for face-recognition algorithms,0.330141760685197
Two-dimensional PCA: a new approach to appearance-based face representation and recognition,0.325738751236519
An improved general amino acid replacement matrix.,0.3241432350516661
The microRNA.org resource: targets and expression,0.32000000000000006
LabelMe: A Database and Web-Based Tool for Image Annotation,0.31681250000000005
"Reference sequence (RefSeq) database at NCBI: current status, taxonomic expansion, and functional annotation",0.3141879815175047
KEGG as a reference resource for gene and protein annotation,0.3134735900043468
The HHpred interactive server for protein homology detection and structure prediction,0.3108635485197369
Adapting Visual Category Models to New Domains,0.310745625
Labeled Faces in the Wild: A Database forStudying Face Recognition in Unconstrained Environments,0.3081401655274725
OPTICS: ordering points to identify the clustering structure,0.30459375
Translating Embeddings for Modeling Multi-relational Data,0.30459375
"An RNA-Sequencing Transcriptome and Splicing Database of Glia, Neurons, and Vascular Cells of the Cerebral Cortex",0.302690693032575
Sharing and community curation of mass spectrometry data with Global Natural Products Social Molecular Networking,0.30260615093828536
Obesity alters gut microbial ecology.,0.30258059210526317
Mining frequent patterns without candidate generation,0.302490243420797
Minimap2: pairwise alignment for nucleotide sequences,0.30217376644736843
SINA: Accurate high-throughput multiple sequence alignment of ribosomal RNA genes,0.30054189368409306
CDD: a Conserved Domain Database for the functional annotation of proteins,0.29586845417226093
miRBase: from microRNA sequences to function,0.29052359375000003
Accelerated Profile HMM Searches,0.2834224788209658
The SEED and the Rapid Annotation of microbial genomes using Subsystems Technology (RAST),0.28292238159281585
PANTHER: a library of protein families and subfamilies indexed by function.,0.28228125000000004
Global landscape of protein complexes in the yeast Saccharomyces cerevisiae,0.280991313513008
Prognostic role of neutrophil-to-lymphocyte ratio in solid tumors: a systematic review and meta-analysis.,0.2775
Development and testing of a general amber force field,0.2775
2015 American Thyroid Association Management Guidelines for Adult Patients with Thyroid Nodules and Differentiated Thyroid Cancer: The American Thyroid Association Guidelines Task Force on Thyroid Nodules and Differentiated Thyroid Cancer.,0.2775
"Genome-wide association study of 14,000 cases of seven common diseases and 3,000 shared controls",0.2775
The behaviour change wheel: A new method for characterising and designing behaviour change interventions,0.2775
The Human Connectome: A Structural Description of the Human Brain,0.2775
The HITRAN2012 molecular spectroscopic database,0.2775
Cancer statistics for the year 2020: An overview,0.2775
Mining the network value of customers,0.2775
Markov logic networks,0.2775
"Protein and ligand preparation: parameters, protocols, and influence on virtual screening enrichments",0.2775
"PlantCARE, a database of plant cis-acting regulatory elements and a portal to tools for in silico analysis of promoter sequences",0.2775
Fluorine in Pharmaceuticals: Looking Beyond Intuition,0.2775
The IASLC Lung Cancer Staging Project: Proposals for the Revision of the TNM Stage Groupings in the Forthcoming (Seventh) Edition of the TNM Classification of Malignant Tumours,0.2775
BioGRID: a general repository for interaction datasets,0.2775
Defining and assessing professional competence.,0.2775
The Extended Cohn-Kanade Dataset (CK+): A complete dataset for action unit and emotion-specified expression,0.2775
"Fab: content-based, collaborative recommendation",0.2775
"Systematic Review: Impact of Health Information Technology on Quality, Efficiency, and Costs of Medical Care",0.2775
Global effects of land use on local terrestrial biodiversity,0.2775
TALOS+: a hybrid method for predicting protein backbone torsion angles from NMR chemical shifts,0.2775
How iris recognition works,0.2762651655274725
In Silico Detection and Typing of Plasmids using PlasmidFinder and Plasmid Multilocus Sequence Typing,0.2757440476371234
"The M06 suite of density functionals for main group thermochemistry, thermochemical kinetics, noncovalent interactions, excited states, and transition elements: two new functionals and systematic testing of four M06-class functionals and 12 other functionals",0.2743125
Density functionals with broad applicability in chemistry.,0.2743125
The PRIDE database and related tools and resources in 2019: improving support for quantification data,0.27425940924499154
KEGG for integration and interpretation of large-scale molecular data sets,0.2695283861830077
Differential Privacy: A Survey of Results,0.26860461941790476
The Algorithmic Foundations of Differential Privacy,0.26860461941790476
Discovering Knowledge in Data: An Introduction to Data Mining,0.26758055043259976
The GeneCards Suite: From Gene Data Mining to Disease Genome Sequence Analyses,0.2675108832431049
HMDB 3.0—The Human Metabolome Database in 2013,0.26361828770897033
Face recognition by elastic bunch graph matching,0.26150300944867794
The Ribosomal Database Project: improved alignments and new tools for rRNA analysis,0.25670491776315796
"PHASTER: a better, faster version of the PHAST phage search tool",0.2562842516447369
Similarity Search in High Dimensions via Hashing,0.25625000000000003
Integrating Classification and Association Rule Mining,0.25219305245535717
HMMER web server: interactive sequence similarity searching,0.24943056354726098
Mining Sequential Patterns: Generalizations and Performance Improvements,0.2460026363199687
Psychological correlates of university students' academic performance: a systematic review and meta-analysis.,0.24562500000000004
Efficacy of the Theory of Planned Behaviour: a meta-analytic review.,0.24562500000000004
NUS-WIDE: a real-world web image database from National University of Singapore,0.24562500000000004
Infernal 1.1: 100-fold faster RNA homology searches,0.2447538415036534
From genomics to chemical genomics: new developments in KEGG,0.24406260205321906
The FERET database and evaluation procedure for face-recognition algorithms,0.24354016552747249
Introducing EzTaxon-e: a prokaryotic 16S rRNA gene sequence database with phylotypes that represent uncultured species.,0.24144979440789477
UniProt: the universal protein knowledgebase,0.23970535714285715
Mining sequential patterns,0.23836260710082832
"Greengenes, a Chimera-Checked 16S rRNA Gene Database and Workbench Compatible with ARB",0.23690131578947374
ExPASy: the proteomics server for in-depth protein knowledge and analysis,0.2349313630420968
The MR-Base platform supports systematic causal inference across the human phenome,0.23412876383352066
The Molecular Signatures Database Hallmark Gene Set Collection,0.23241458333333337
The Molecular Signatures Database (MSigDB) hallmark gene set collection.,0.23241458333333337
miRBase: annotating high confidence microRNAs using deep sequencing data,0.23064375000000004
The SWISS-PROT protein knowledgebase and its supplement TrEMBL in 2003,0.22985947153849615
InterProScan: protein domains identifier,0.22931441761363636
Towards a unified paradigm for sequence‐based identification of fungi,0.22842379420523967
"Overweight, obesity, and depression: a systematic review and meta-analysis of longitudinal studies.",0.227296875
SILVA: a comprehensive online resource for quality checked and aligned ribosomal RNA sequence data compatible with ARB,0.2261796865006306
"NCBI Reference Sequence (RefSeq): a curated non-redundant sequence database of genomes, transcripts and proteins",0.22564759952892677
Making a “Completely Blind” Image Quality Analyzer,0.22437500000000005
Single image super-resolution from transformed self-exemplars,0.22437500000000005
NCBI GEO: archive for functional genomics data sets—update,0.22437500000000005
GENEVESTIGATOR. Arabidopsis Microarray Database and Analysis Toolbox1[w],0.22437500000000005
DrugBank: a comprehensive resource for in silico drug discovery and exploration,0.22252764383163165
The carbohydrate-active enzymes database (CAZy) in 2013,0.22131713516746415
An efficient algorithm for large-scale detection of protein families.,0.21886779306220097
The COG database: an updated version includes eukaryotes,0.21853125
Phytozome: a comparative platform for green plant genomics,0.2184079640183342
The Universal Protein Resource (UniProt),0.21753657286808614
Molecular signatures database (MSigDB) 3.0,0.21587500000000004
MEGA4: Molecular Evolutionary Genetics Analysis (MEGA) software version 4.0.,0.2151759868421053
Robust Face Recognition via Sparse Representation,0.21460000000000004
CURE: an efficient clustering algorithm for large databases,0.21375000000000002
WordNet: A Lexical Database for English,0.21375000000000002
Book Reviews: WordNet: An Electronic Lexical Database,0.21375000000000002
MutationTaster evaluates disease-causing potential of sequence alterations,0.21375000000000002
Beyond Bags of Features: Spatial Pyramid Matching for Recognizing Natural Scene Categories,0.21375000000000002
MEME Suite: tools for motif discovery and searching,0.21375000000000002
Trends in the exchange current for hydrogen evolution,0.21375000000000002
Distant supervision for relation extraction without labeled data,0.21375000000000002
"Global fire emissions and the contribution of deforestation, savanna, forest, agricultural, and peat fires (1997-2009)",0.21375000000000002
"Climate change 2007: Impacts, Adaptation and Vulnerability. Contribution of Working Group II to the Fourth Assessment Report of the Intergovernmental Panel on Climate Change. Summary for Policymakers.",0.21375000000000002
KEGG for linking genomes to life and the environment,0.21151116466672018
Calibrating Noise to Sensitivity in Private Data Analysis,0.2093023097089524
Differential Privacy,0.2093023097089524
Strengthening the Reporting of Observational Studies in Epidemiology (STROBE): Explanation and Elaboration,0.20153125000000002
Evaluating non-randomised intervention studies.,0.20153125000000002
ANNOVAR: functional annotation of genetic variants from high-throughput sequencing data,0.19795010205321903
Mapping identifiers for the integration of genomic datasets with the R/Bioconductor package biomaRt,0.19795010205321903
UniProt: the Universal Protein knowledgebase,0.19664323505166617
The Pfam protein families database,0.19585526315789475
CDD: NCBI's conserved domain database,0.19553963662903667
ONCOMINE: a cancer microarray database and integrated data-mining platform.,0.19462500000000002
Functional cartography of complex metabolic networks,0.19462500000000002
A Kernel Two-Sample Test,0.19250000000000003
An Introduction to Variational Methods for Graphical Models,0.19250000000000003
Eigenfaces vs. Fisherfaces: Recognition Using Class Specific Linear Projection,0.19250000000000003
Large-scale analysis of the yeast proteome by multidimensional protein identification technology,0.19250000000000003
SIMPLIcity: Semantics-Sensitive Integrated Matching for Picture LIbraries,0.19250000000000003
"A new local density functional for main-group thermochemistry, transition metal bonding, thermochemical kinetics, and noncovalent interactions.",0.19250000000000003
Face recognition: a convolutional neural-network approach,0.19250000000000003
A Database and Evaluation Methodology for Optical Flow,0.19250000000000003
ChEMBL: a large-scale bioactivity database for drug discovery,0.19041733637103203
An automated method for finding molecular complexes in large protein interaction networks,0.18797250146157254
Fast Algorithms for Mining Association Rules,0.1860870535714286
UCHIME improves sensitivity and speed of chimera detection,0.18452657460056393
Biopython: freely available Python tools for computational molecular biology and bioinformatics,0.18398227899909575
Scalable Recognition with a Vocabulary Tree,0.181875
Histograms of oriented gradients for human detection,0.181875
Image Quality Metrics: PSNR vs. SSIM,0.181875
FSIM: A Feature Similarity Index for Image Quality Assessment,0.181875
"Bias in meta-analysis detected by a simple, graphical test",0.181875
The earth is round (p < .05),0.181875
"Associations of Depression With C-Reactive Protein, IL-1, and IL-6: A Meta-Analysis",0.181875
Aspirin for the Primary Prevention of Cardiovascular Events in Women and Men: A Sex-Specific Meta-Analysis of Randomized Controlled Trials,0.181875
The Revised CONSORT Statement for Reporting Randomized Trials: Explanation and Elaboration,0.181875
Reliability of the PEDro scale for rating quality of randomized controlled trials.,0.181875
"A Transcriptome Database for Astrocytes, Neurons, and Oligodendrocytes: A New Resource for Understanding Brain Development and Function",0.17963616466672017
The Pfam protein families database: towards a more sustainable future,0.1791366840396446
RNAmmer: consistent and rapid annotation of ribosomal RNA genes,0.17607039473684213
bold: The Barcode of Life Data System (http://www.barcodinglife.org),0.17607039473684213
BLAST+: architecture and applications,0.1750805921052632
Primer-BLAST: A tool to design target-specific primers for polymerase chain reaction,0.1750805921052632
Fast and accurate long-read alignment with Burrows–Wheeler transform,0.1750805921052632
"Generation and analysis of a 29,745 unique Expressed Sequence Tags from the Pacific oyster (Crassostrea gigas) assembled into a publicly accessible database: the GigasDatabase",0.17172532894736844
Cd-hit: a fast program for clustering and comparing large sets of protein or nucleotide sequences,0.17089333781642002
2016 update of the PRIDE database and its related tools,0.16821428571428573
Fast Algorithms for Mining Association Rules in Large Databases,0.16593750000000002
"DAVID: Database for Annotation, Visualization, and Integrated Discovery",0.16275000000000003
Toward understanding the origin and evolution of cellular organisms,0.16275000000000003
The KEGG resource for deciphering the genome,0.16275000000000003
InterProScan - an integration platform for the signature-recognition methods in InterPro,0.1609223983253589
MAFFT version 5: improvement in accuracy of multiple sequence alignment,0.1609223983253589
"SMART, a simple modular architecture research tool: identification of signaling domains.",0.15335526315789477
ARB: a software environment for sequence data.,0.15335526315789477
MEGA3: Integrated software for Molecular Evolutionary Genetics Analysis and sequence alignment,0.15335526315789477
Profile hidden Markov models,0.15335526315789477
A Greedy Algorithm for Aligning DNA Sequences,0.15335526315789477
The evolutionary fate and consequences of duplicate genes.,0.15335526315789477
Gapped BLAST and PSI-BLAST: a new generation of protein database search programs.,0.15000000000000002
Self-Efficacy: The Exercise of Control,0.15000000000000002
Argonaute—a database for gene regulation by mammalian microRNAs,0.15000000000000002
Distinctive Image Features from Scale-Invariant Keypoints,0.15000000000000002
Image quality assessment: from error visibility to structural similarity,0.15000000000000002
"MEGA5: molecular evolutionary genetics analysis using maximum likelihood, evolutionary distance, and maximum parsimony methods.",0.15000000000000002
Gene set enrichment analysis: A knowledge-based approach for interpreting genome-wide expression profiles,0.15000000000000002
A Density-Based Algorithm for Discovering Clusters in Large Spatial Databases with Noise,0.15000000000000002
KEGG: Kyoto Encyclopedia of Genes and Genomes,0.15000000000000002
Naïve Bayesian Classifier for Rapid Assignment of rRNA Sequences into the New Bacterial Taxonomy,0.15000000000000002
KEGG: Kyoto Encyclopedia of Genes and Genomes,0.15000000000000002
Cochrane handbook for systematic reviews of interventions. Version 5.1.0 [updated March 2011]. The Cochrane Collaboration,0.15000000000000002
Mining association rules between sets of items in large databases,0.15000000000000002
The NCEP/NCAR 40-Year Reanalysis Project,0.15000000000000002
UCI Repository of machine learning databases,0.15000000000000002
Cochrane Handbook for Systematic Reviews of Interventions Edited by Julian P. T. Higgins &,0.15000000000000002
"IntCal13 and Marine13 Radiocarbon Age Calibration Curves 0–50,000 Years cal BP",0.15000000000000002
Binary alloy phase diagrams,0.15000000000000002
Developing a New Definition and Assessing New Clinical Criteria for Septic Shock: For the Third International Consensus Definitions for Sepsis and Septic Shock (Sepsis-3).,0.15000000000000002
Comparative protein modelling by satisfaction of spatial restraints.,0.15000000000000002
A method and server for predicting damaging missense mutations,0.15000000000000002
Gene Expression Omnibus: NCBI gene expression and hybridization array data repository,0.15000000000000002
Tissue-based map of the human proteome,0.15000000000000002
SWISS‐MODEL and the Swiss‐Pdb Viewer: An environment for comparative protein modeling,0.15000000000000002
Adapting a clinical comorbidity index for use with ICD-9-CM administrative databases.,0.15000000000000002
Recommendations for cardiac chamber quantification by echocardiography in adults: an update from the American Society of Echocardiography and the European Association of Cardiovascular Imaging.,0.15000000000000002
Social Research Methods: Qualitative and Quantitative Approaches,0.15000000000000002
The human genome browser at UCSC.,0.15000000000000002
Protein identification and analysis tools in the ExPASy server.,0.15000000000000002
How to Do Things With Words,0.15000000000000002
The Cambridge Structural Database: a quarter of a million crystal structures and rising.,0.15000000000000002
Origin of the Overpotential for Oxygen Reduction at a Fuel-Cell Cathode.,0.15000000000000002
Qualitative research for education: An introduction to theories and methods,0.15000000000000002
Bidirectional recurrent neural networks,0.15000000000000002
R-trees: a dynamic index structure for spatial searching,0.15000000000000002
A fast quantum mechanical algorithm for database search,0.15000000000000002
The file drawer problem and tolerance for null results,0.15000000000000002
PatMaN: rapid alignment of short sequences to large databases,0.15000000000000002
Distributed hierarchical processing in the primate cerebral cortex.,0.15000000000000002
A database of human segmented natural images and its application to evaluating segmentation algorithms and measuring ecological statistics,0.15000000000000002
Probability‐based protein identification by searching sequence databases using mass spectrometry data,0.15000000000000002
The HITRAN 2008 molecular spectroscopic database,0.15000000000000002
"Avogadro: an advanced semantic chemical editor, visualization, and analysis platform",0.15000000000000002
The Genotype-Tissue Expression (GTEx) project,0.15000000000000002
Mercury CSD 2.0 – new features for the visualization and investigation of crystal structures,0.15000000000000002
The Carbohydrate-Active EnZymes database (CAZy): an expert resource for Glycogenomics,0.15000000000000002
A Real-Time QRS Detection Algorithm,0.15000000000000002
Bond‐valence parameters obtained from a systematic analysis of the Inorganic Crystal Structure Database,0.15000000000000002
Circulating MicroRNAs as a Novel Class of Diagnostic Biomarkers in Gastrointestinal Tumors Detection: A Meta-Analysis Based on 42 Articles,0.15000000000000002
The On-Line Encyclopedia of Integer Sequences,0.15000000000000002
Interventions for latent autoimmune diabetes (LADA) in adults.,0.15000000000000002
"The mutational constraint spectrum quantified from variation in 141,456 humans",0.15000000000000002
"MIMIC-III, a freely accessible critical care database",0.15000000000000002
dbSNP: the NCBI database of genetic variation,0.15000000000000002
Global trends in emerging infectious diseases,0.15000000000000002
The mnist database of handwritten digits,0.15000000000000002
Why don't physicians follow clinical practice guidelines? A framework for improvement.,0.15000000000000002
SCOP: a structural classification of proteins database for the investigation of sequences and structures.,0.15000000000000002
Research Methods in Anthropology: Qualitative and Quantitative Approaches,0.15000000000000002
Heart Disease and Stroke Statistics—2015 Update: A Report From the American Heart Association,0.15000000000000002
A Design Science Research Methodology for Information Systems Research,0.15000000000000002
An approach to correlate tandem mass spectral data of peptides with amino acid sequences in a protein database,0.15000000000000002
Object-Oriented Modeling and Design,0.15000000000000002
TASSEL: software for association mapping of complex traits in diverse samples,0.15000000000000002
Empirical evidence of bias. Dimensions of methodological quality associated with estimates of treatment effects in controlled trials.,0.15000000000000002
Estimating the global cancer incidence and mortality in 2018: GLOBOCAN sources and methods,0.15000000000000002
Fast Training of Support Vector Machines using Sequential Minimal Optimization,0.15000000000000002
Empirical Analysis of Predictive Algorithms for Collaborative Filtering,0.15000000000000002
A robust and high-throughput Cre reporting and characterization system for the whole mouse brain,0.15000000000000002
Whole-genome random sequencing and assembly of Haemophilus influenzae Rd.,0.15000000000000002
The gut microbiota as an environmental factor that regulates fat storage.,0.15000000000000002
Foundations of Logic Programming,0.15000000000000002
Gene Selection for Cancer Classification using Support Vector Machines,0.15000000000000002
"Glide: a new approach for rapid, accurate docking and scoring. 2. Enrichment factors in database screening.",0.15000000000000002
Introduction to WordNet: An On-line Lexical Database,0.15000000000000002
Greengenes: Chimera-checked 16S rRNA gene database and workbench compatible in ARB,0.15000000000000002
From Data Mining to Knowledge Discovery in Databases,0.15000000000000002
Improved adsorption energetics within density-functional theory using revised Perdew-Burke-Ernzerhof functionals,0.15000000000000002
Image Denoising Via Sparse and Redundant Representations Over Learned Dictionaries,0.15000000000000002
BIRCH: an efficient data clustering method for very large databases,0.15000000000000002
Rough Sets,0.15000000000000002
THE MATHEMATICAL THEORY OF SAVING,0.15000000000000002
Freebase: a collaboratively created graph database for structuring human knowledge,0.15000000000000002
Using Standardized Serum Creatinine Values in the Modification of Diet in Renal Disease Study Equation for Estimating Glomerular Filtration Rate,0.15000000000000002
Color indexing,0.15000000000000002
Fitting a Mixture Model By Expectation Maximization To Discover Motifs In Biopolymer,0.15000000000000002
The worldwide prevalence of ADHD: a systematic review and metaregression analysis.,0.15000000000000002
Pfinder: real-time tracking of the human body,0.15000000000000002
The Oswestry Disability Index.,0.15000000000000002
Warming and Earlier Spring Increase Western U.S. Forest Wildfire Activity,0.15000000000000002
The I-TASSER Suite: protein structure and function prediction,0.15000000000000002
The Antecedents and Consequences of Customer Satisfaction for Firms,0.15000000000000002
A haplotype map of the human genome,0.15000000000000002
Correspondence of the brain's functional architecture during activation and rest,0.15000000000000002
Incidence of adverse drug reactions in hospitalized patients: a meta-analysis of prospective studies.,0.15000000000000002
What's your strategy for managing knowledge?,0.15000000000000002
A retrospective cohort study,0.15000000000000002
2011 Compendium of Physical Activities: a second update of codes and MET values.,0.15000000000000002
The CHILDES project: tools for analyzing talk,0.15000000000000002
Empirical statistical model to estimate the accuracy of peptide identifications made by MS/MS and database search.,0.15000000000000002
Single cell gel/comet assay: Guidelines for in vitro and in vivo genetic toxicology testing,0.15000000000000002
"miRBase: microRNA sequences, targets and gene nomenclature",0.15000000000000002
Revisions in the International System for Staging Lung Cancer.,0.15000000000000002
THE VERTICAL DISTRIBUTION OF SOIL ORGANIC CARBON AND ITS RELATION TO CLIMATE AND VEGETATION,0.15000000000000002
Phylogeny.fr: robust phylogenetic analysis for the non-specialist,0.15000000000000002
Meta-analysis: Antithrombotic Therapy to Prevent Stroke in Patients Who Have Nonvalvular Atrial Fibrillation,0.15000000000000002
A statistical model for identifying proteins by tandem mass spectrometry.,0.15000000000000002
The structure of scientific collaboration networks.,0.15000000000000002
N4ITK: Improved N3 Bias Correction,0.15000000000000002
Foundations of Databases,0.15000000000000002
"publCIF: software for editing, validating and formatting crystallographic information files",0.15000000000000002
"Aid, Policies, and Growth",0.15000000000000002
Final version of 2009 AJCC melanoma staging and classification.,0.15000000000000002
"Clinical predictors of mortality due to COVID-19 based on an analysis of data of 150 patients from Wuhan, China",0.15000000000000002
Distinctive Image Features from Scale-Invariant Keypoints,0.15000000000000002
Fundamentals of Database Systems,0.15000000000000002
External review and validation of the Swedish national inpatient register,0.15000000000000002
"Interpretation of Infrared Spectra, A Practical Approach",0.15000000000000002
PRODRG: a tool for high-throughput crystallography of protein-ligand complexes.,0.15000000000000002
Decision aids for people facing health treatment or screening decisions.,0.15000000000000002
Query by Image and Video Content: The QBIC System,0.15000000000000002
Texture Features for Browsing and Retrieval of Image Data,0.15000000000000002
The MNIST Database of Handwritten Digit Images for Machine Learning Research [Best of the Web],0.15000000000000002
Gene Ontology Consortium: The Gene Ontology (GO) database and informatics resource,0.15000000000000002
Genomic and epigenomic landscapes of adult de novo acute myeloid leukemia.,0.15000000000000002
UniProt: a hub for protein information,0.15000000000000002
Hadoop: The Definitive Guide,0.15000000000000002
Low Health Literacy and Health Outcomes: An Updated Systematic Review,0.15000000000000002
Minimum information about a microarray experiment (MIAME)—toward standards for microarray data,0.15000000000000002
An improved method of constructing a database of monthly climate observations and associated high‐resolution grids,0.15000000000000002
Recognizing human actions: a local SVM approach,0.15000000000000002
Protocols for secure computations,0.15000000000000002
The AR face database,0.15000000000000002
Global patterns and trends in colorectal cancer incidence and mortality,0.15000000000000002
The prevalence of comorbid depression in adults with diabetes: a meta-analysis.,0.15000000000000002
The COG database: a tool for genome-scale analysis of protein functions and evolution,0.15000000000000002
Estimating the world cancer burden: Globocan 2000,0.15000000000000002
Rough sets,0.15000000000000002
Effective physician-patient communication and health outcomes: a review.,0.15000000000000002
Multilocus sequence typing: a portable approach to the identification of clones within populations of pathogenic microorganisms.,0.15000000000000002
The GeneMANIA prediction server: biological network integration for gene prioritization and predicting gene function,0.15000000000000002
Using Dynamic Time Warping to Find Patterns in Time Series,0.15000000000000002
A systematic review and meta-analysis,0.15000000000000002
A haplotype map of the human genome.,0.15000000000000002
Ridge-based vessel segmentation in color images of the retina,0.15000000000000002
Quantum Mechanics Helps in Searching for a Needle in a Haystack,0.15000000000000002
Expanded sequence dependence of thermodynamic parameters improves prediction of RNA secondary structure.,0.15000000000000002
The impact of the MIT-BIH Arrhythmia Database,0.15000000000000002
The Montreal Definition and Classification of Gastroesophageal Reflux Disease: A Global Evidence-Based Consensus,0.15000000000000002
Dali server: conservation mapping in 3D,0.15000000000000002
Narrative configuration in qualitative analysis,0.15000000000000002
A critical account on π–π stacking in metal complexes with aromatic nitrogen-containing ligands,0.15000000000000002
The global burden of asthma: executive summary of the GINA Dissemination Committee Report,0.15000000000000002
"Patterns of cancer incidence, mortality, and prevalence across five continents: defining priorities to reduce cancer disparities in different geographic regions of the world.",0.15000000000000002
"Analysis of the structural diversity, substitution patterns, and frequency of nitrogen heterocycles among U.S. FDA approved pharmaceuticals.",0.15000000000000002
The ecoinvent database version 3 (part I): overview and methodology,0.15000000000000002
Rapid and sensitive protein similarity searches.,0.15000000000000002
Treating Tobacco Use and Dependence: 2008 Update,0.15000000000000002
Proposed modifications to the Duke criteria for the diagnosis of infective endocarditis.,0.15000000000000002
DEAP: A Database for Emotion Analysis ;Using Physiological Signals,0.15000000000000002
Transaction Processing: Concepts and Techniques,0.15000000000000002
IEEE Transactions on Pattern Analysis and Machine Intelligence,0.15000000000000002
Adherence to Protease Inhibitor Therapy and Outcomes in Patients with HIV Infection,0.15000000000000002
A New Kind of Science,0.15000000000000002
"NIST Standard Reference Database 23: Reference Fluid Thermodynamic and Transport Properties-REFPROP, Version 8.0",0.15000000000000002
Billion-Scale Similarity Search with GPUs,0.15000000000000002
Automated Talairach Atlas labels for functional brain mapping,0.15000000000000002
Features and uses of high-fidelity medical simulations that lead to effective learning: a BEME systematic review,0.15000000000000002
A Bayesian method for the induction of probabilistic networks from data,0.15000000000000002
ZINC - A Free Database of Commercially Available Compounds for Virtual Screening,0.15000000000000002
Principles and Applications,0.15000000000000002
The 2005 World Health Organization reevaluation of human and Mammalian toxic equivalency factors for dioxins and dioxin-like compounds.,0.15000000000000002
A Catalog of Parameters for Globular Clusters in the Milky Way,0.15000000000000002
Social information filtering: algorithms for automating “word of mouth”,0.15000000000000002
A second-generation reactive empirical bond order (REBO) potential energy expression for hydrocarbons,0.15000000000000002
"Comparison of PubMed, Scopus, Web of Science, and Google Scholar: strengths and weaknesses",0.15000000000000002
Robust text-independent speaker identification using Gaussian mixture speaker models,0.15000000000000002
IEMOCAP: interactive emotional dyadic motion capture database,0.15000000000000002
Guidelines for snowballing in systematic literature studies and a replication in software engineering,0.15000000000000002
"Non-small cell lung cancer: epidemiology, risk factors, treatment, and survivorship.",0.15000000000000002
Database,0.15000000000000002
Interpreting patterns of gene expression with self-organizing maps: methods and application to hematopoietic differentiation.,0.15000000000000002
Plant cis-acting regulatory DNA elements (PLACE) database: 1999,0.15000000000000002
"The NHGRI-EBI GWAS Catalog of published genome-wide association studies, targeted arrays and summary statistics 2019",0.15000000000000002
The Berkeley FrameNet Project,0.15000000000000002
"Online Mendelian Inheritance in Man (OMIM), a knowledgebase of human genes and genetic disorders",0.15000000000000002
"Clinical Practice Guidelines for the Management of Pain, Agitation, and Delirium in Adult Patients in the Intensive Care Unit",0.15000000000000002
"Cancer treatment and survivorship statistics, 2012",0.15000000000000002
Global burden of obesity in 2005 and projections to 2030,0.15000000000000002
ATM and ATR Substrate Analysis Reveals Extensive Protein Networks Responsive to DNA Damage,0.15000000000000002
The relationship between quality of research and citation frequency,0.15000000000000002
Nrlmsise-00 Empirical Model of the Atmosphere: Statistical Comparisons and Scientific Issues,0.15000000000000002
Outpatient antibiotic use in Europe and association with resistance: a cross-national database study,0.15000000000000002
"Repbase Update, a database of eukaryotic repetitive elements",0.15000000000000002
"Design of Density Functionals by Combining the Method of Constraint Satisfaction with Parametrization for Thermochemistry, Thermochemical Kinetics, and Noncovalent Interactions.",0.15000000000000002
One-shot learning of object categories,0.15000000000000002
Global Prevalence of Chronic Kidney Disease – A Systematic Review and Meta-Analysis,0.15000000000000002
Achieving integration in mixed methods designs-principles and practices.,0.15000000000000002
Human and machine recognition of faces: a survey,0.15000000000000002
Measuring mutual fund performance with characteristic-based benchmarks,0.15000000000000002
Estimating Causal Effects from Large Data Sets Using Propensity Scores,0.15000000000000002
Effects of computerized clinical decision support systems on practitioner performance and patient outcomes: a systematic review.,0.15000000000000002
Hypertext: An Introduction and Survey,0.15000000000000002
The growing burden of tuberculosis: global trends and interactions with the HIV epidemic.,0.15000000000000002
Cassandra: a decentralized structured storage system,0.15000000000000002
The Stigma of Obesity: A Review and Update,0.15000000000000002
Object-Oriented Analysis and Design with Applications,0.15000000000000002
New tools in comparative political economy : the database of political institutions,0.15000000000000002
Instance-based learning algorithms,0.15000000000000002
A global panel database of pandemic policies (Oxford COVID-19 Government Response Tracker),0.15000000000000002
Interactions with aromatic rings in chemical and biological recognition.,0.15000000000000002
Systemic lupus erythematosus disease activity index 2000.,0.15000000000000002
The SWISS-PROT protein sequence database and its supplement TrEMBL in 2000,0.15000000000000002
The journal coverage of Web of Science and Scopus: a comparative analysis,0.15000000000000002
Semiconducting π-conjugated systems in field-effect transistors: a material odyssey of organic electronics.,0.15000000000000002
Protein backbone angle restraints from searching a database for chemical shift and sequence homology,0.15000000000000002
"Diabetes and atherosclerosis: epidemiology, pathophysiology, and management.",0.15000000000000002
"Prevalence of stress, anxiety, depression among the general population during the COVID-19 pandemic: a systematic review and meta-analysis",0.15000000000000002
Data Mining And Knowledge Discovery Handbook,0.15000000000000002
Comprehensive database for facial expression analysis,0.15000000000000002
MatInd and MatInspector: new fast and versatile tools for detection of consensus matches in nucleotide sequence data.,0.15000000000000002
Genomics of Drug Sensitivity in Cancer (GDSC): a resource for therapeutic biomarker discovery in cancer cells,0.15000000000000002
A systematic review and metaanalysis,0.15000000000000002
An overview of data warehousing and OLAP technology,0.15000000000000002
OSPF Version 2,0.15000000000000002
Towards a worldwide wood economics spectrum.,0.15000000000000002
"ChIPseeker: an R/Bioconductor package for ChIP peak annotation, comparison and visualization",0.15000000000000002
Suicide prevention strategies: a systematic review.,0.15000000000000002
A general empirical model of protein evolution derived from multiple protein families using a maximum-likelihood approach.,0.15000000000000002
"The biodiversity of species and their rates of extinction, distribution, and protection",0.15000000000000002
Epidemiology and outcome of zygomycosis: a review of 929 reported cases.,0.15000000000000002
The Merck index,0.15000000000000002
Mediators in the architecture of future information systems,0.15000000000000002
Nextstrain: real-time tracking of pathogen evolution,0.15000000000000002
Private information retrieval,0.15000000000000002
Helicobacter pylori infection.,0.15000000000000002
Announcing the worldwide Protein Data Bank,0.15000000000000002
Revised international prognostic scoring system for myelodysplastic syndromes.,0.15000000000000002
"A 5‐decade analysis of 13,715 carcinoid tumors",0.15000000000000002
The biology of chemokines and their receptors.,0.15000000000000002
Completion of the 2011 National Land Cover Database for the Conterminous United States – Representing a Decade of Land Cover Change Information,0.15000000000000002
Response to neoadjuvant therapy and long-term survival in patients with triple-negative breast cancer.,0.15000000000000002
Basis Set Exchange: A Community Database for Computational Sciences,0.15000000000000002
"Fast, efficient generation of high‐quality atomic charges. AM1‐BCC model: II. Parameterization and validation",0.15000000000000002
A standard procedure for creating a frailty index,0.15000000000000002
Diagnosis and Treatment of Low Back Pain: A Joint Clinical Practice Guideline from the American College of Physicians and the American Pain Society,0.15000000000000002
Doing Your Research Project: A Guide for First-time Researchers,0.15000000000000002
Assessment of Global Incidence and Mortality of Hospital-treated Sepsis. Current Estimates and Limitations.,0.15000000000000002
Biological control of insect pests by insect parasitoids and predators: the BIOCAT database.,0.15000000000000002
Status and distribution of mangrove forests of the world using earth observation satellite data,0.15000000000000002
The Skyline operator,0.15000000000000002
Bank Regulation and Supervision: What Works Best?,0.15000000000000002
Maximum likelihood linear regression for speaker adaptation of continuous density hidden Markov models,0.15000000000000002
Tmbase-A database of membrane spanning protein segments,0.15000000000000002
Development of a global land cover characteristics database and IGBP DISCover from 1 km AVHRR data,0.15000000000000002
A global analysis of root distributions for terrestrial biomes,0.15000000000000002
Preventing foot ulcers in patients with diabetes.,0.15000000000000002
Multiple organ dysfunction score: a reliable descriptor of a complex clinical outcome.,0.15000000000000002
Learning to Detect A Salient Object,0.15000000000000002
"An online survival analysis tool to rapidly assess the effect of 22,277 genes on breast cancer prognosis using microarray data of 1,809 patients",0.15000000000000002
Meta-Analysis: High-Dosage Vitamin E Supplementation May Increase All-Cause Mortality,0.15000000000000002
Interventions for enhancing medication adherence.,0.15000000000000002
Anti-TNF antibody therapy in rheumatoid arthritis and the risk of serious infections and malignancies: systematic review and meta-analysis of rare harmful effects in randomized controlled trials.,0.15000000000000002
